{
    "env": {        
        "NODE_ENV":"development",
        "PORT":"5000",
        "DBUSER":"root",
        "ALLOWALLUSERINADMIN":true,
        "DBPASSWORD":"",
        "DBNAME":"video-script",
        "DBHOST":"localhost",
        "ADMIN_SLUG":"/video-admin",
        "DBPORT":"3306",
        "DBSOCKETPATH":"/Applications/XAMPP/xamppfiles/var/mysql/mysql.sock",
        "LOCALADDRESS":"",
        "TZ":"utc",
        "PUBLIC_URL":"http://localhost:5000",
        "SECRETKEY":"videoscriptsectetkey0root"
    }
}